video_file,annotation_path,tool_annotation,feature_path,segments,labels,boundaries
/home/ubuntu/Dropbox/Datasets/cholec80/phase_annotations/video01.mp4,/home/ubuntu/Dropbox/Datasets/cholec80/phase_annotations/video01-phase.txt,/home/ubuntu/Dropbox/Datasets/cholec80/phase_annotations/video01-tool.txt,/home/ubuntu/Dropbox/Datasets/cholec80/phase_annotations/video01.npy,"[{'start_frame': 0, 'end_frame': 524, 'phase': 'Preparation', 'action': 0}, {'start_frame': 525, 'end_frame': 16824, 'phase': 'CalotTriangleDissection', 'action': 1}, {'start_frame': 16825, 'end_frame': 22174, 'phase': 'ClippingCutting', 'action': 2}, {'start_frame': 22175, 'end_frame': 36749, 'phase': 'GallbladderDissection', 'action': 3}, {'start_frame': 36750, 'end_frame': 39199, 'phase': 'GallbladderPackaging', 'action': 6}, {'start_frame': 39200, 'end_frame': 41024, 'phase': 'CleaningCoagulation', 'action': 5}, {'start_frame': 41025, 'end_frame': 43325, 'phase': 'GallbladderRetraction', 'label': 4}]",[0 0 0 ... 4 4 4],[1. 1. 1. ... 2. 2. 2.]
/home/ubuntu/Dropbox/Datasets/cholec80/phase_annotations/video02.mp4,/home/ubuntu/Dropbox/Datasets/cholec80/phase_annotations/video02-phase.txt,/home/ubuntu/Dropbox/Datasets/cholec80/phase_annotations/video02-tool.txt,/home/ubuntu/Dropbox/Datasets/cholec80/phase_annotations/video02.npy,"[{'start_frame': 0, 'end_frame': 12024, 'phase': 'Preparation', 'action': 0}, {'start_frame': 12025, 'end_frame': 31324, 'phase': 'CalotTriangleDissection', 'action': 1}, {'start_frame': 31325, 'end_frame': 39524, 'phase': 'ClippingCutting', 'action': 2}, {'start_frame': 39525, 'end_frame': 63424, 'phase': 'GallbladderDissection', 'action': 3}, {'start_frame': 63425, 'end_frame': 64949, 'phase': 'GallbladderPackaging', 'action': 6}, {'start_frame': 64950, 'end_frame': 69474, 'phase': 'CleaningCoagulation', 'action': 5}, {'start_frame': 69475, 'end_frame': 70975, 'phase': 'GallbladderRetraction', 'label': 4}]",[0 0 0 ... 4 4 4],[1. 1. 1. ... 2. 2. 2.]
/home/ubuntu/Dropbox/Datasets/cholec80/phase_annotations/video03.mp4,/home/ubuntu/Dropbox/Datasets/cholec80/phase_annotations/video03-phase.txt,/home/ubuntu/Dropbox/Datasets/cholec80/phase_annotations/video03-tool.txt,/home/ubuntu/Dropbox/Datasets/cholec80/phase_annotations/video03.npy,"[{'start_frame': 0, 'end_frame': 899, 'phase': 'Preparation', 'action': 0}, {'start_frame': 900, 'end_frame': 111124, 'phase': 'CalotTriangleDissection', 'action': 1}, {'start_frame': 111125, 'end_frame': 114374, 'phase': 'ClippingCutting', 'action': 2}, {'start_frame': 114375, 'end_frame': 127324, 'phase': 'GallbladderDissection', 'action': 3}, {'start_frame': 127325, 'end_frame': 129349, 'phase': 'GallbladderPackaging', 'action': 6}, {'start_frame': 129350, 'end_frame': 143249, 'phase': 'CleaningCoagulation', 'action': 5}, {'start_frame': 143250, 'end_frame': 145700, 'phase': 'GallbladderRetraction', 'label': 4}]",[0 0 0 ... 4 4 4],[1. 1. 1. ... 2. 2. 2.]
/home/ubuntu/Dropbox/Datasets/cholec80/phase_annotations/video04.mp4,/home/ubuntu/Dropbox/Datasets/cholec80/phase_annotations/video04-phase.txt,/home/ubuntu/Dropbox/Datasets/cholec80/phase_annotations/video04-tool.txt,/home/ubuntu/Dropbox/Datasets/cholec80/phase_annotations/video04.npy,"[{'start_frame': 0, 'end_frame': 7274, 'phase': 'Preparation', 'action': 0}, {'start_frame': 7275, 'end_frame': 22449, 'phase': 'CalotTriangleDissection', 'action': 1}, {'start_frame': 22450, 'end_frame': 24099, 'phase': 'ClippingCutting', 'action': 2}, {'start_frame': 24100, 'end_frame': 30999, 'phase': 'GallbladderDissection', 'action': 3}, {'start_frame': 31000, 'end_frame': 31949, 'phase': 'GallbladderPackaging', 'action': 6}, {'start_frame': 31950, 'end_frame': 34324, 'phase': 'CleaningCoagulation', 'action': 5}, {'start_frame': 34325, 'end_frame': 38050, 'phase': 'GallbladderRetraction', 'label': 4}]",[0 0 0 ... 4 4 4],[1. 1. 1. ... 2. 2. 2.]
/home/ubuntu/Dropbox/Datasets/cholec80/phase_annotations/video05.mp4,/home/ubuntu/Dropbox/Datasets/cholec80/phase_annotations/video05-phase.txt,/home/ubuntu/Dropbox/Datasets/cholec80/phase_annotations/video05-tool.txt,/home/ubuntu/Dropbox/Datasets/cholec80/phase_annotations/video05.npy,"[{'start_frame': 0, 'end_frame': 1599, 'phase': 'Preparation', 'action': 0}, {'start_frame': 1600, 'end_frame': 25374, 'phase': 'CalotTriangleDissection', 'action': 1}, {'start_frame': 25375, 'end_frame': 32599, 'phase': 'ClippingCutting', 'action': 2}, {'start_frame': 32600, 'end_frame': 38599, 'phase': 'GallbladderDissection', 'action': 3}, {'start_frame': 38600, 'end_frame': 41574, 'phase': 'GallbladderPackaging', 'action': 6}, {'start_frame': 41575, 'end_frame': 44349, 'phase': 'CleaningCoagulation', 'action': 5}, {'start_frame': 44350, 'end_frame': 58600, 'phase': 'GallbladderRetraction', 'label': 4}]",[0 0 0 ... 4 4 4],[1. 1. 1. ... 2. 2. 2.]
/home/ubuntu/Dropbox/Datasets/cholec80/phase_annotations/video06.mp4,/home/ubuntu/Dropbox/Datasets/cholec80/phase_annotations/video06-phase.txt,/home/ubuntu/Dropbox/Datasets/cholec80/phase_annotations/video06-tool.txt,/home/ubuntu/Dropbox/Datasets/cholec80/phase_annotations/video06.npy,"[{'start_frame': 0, 'end_frame': 1374, 'phase': 'Preparation', 'action': 0}, {'start_frame': 1375, 'end_frame': 30699, 'phase': 'CalotTriangleDissection', 'action': 1}, {'start_frame': 30700, 'end_frame': 35149, 'phase': 'ClippingCutting', 'action': 2}, {'start_frame': 35150, 'end_frame': 44174, 'phase': 'GallbladderDissection', 'action': 3}, {'start_frame': 44175, 'end_frame': 45899, 'phase': 'GallbladderPackaging', 'action': 6}, {'start_frame': 45900, 'end_frame': 51624, 'phase': 'CleaningCoagulation', 'action': 5}, {'start_frame': 51625, 'end_frame': 53825, 'phase': 'GallbladderRetraction', 'label': 4}]",[0 0 0 ... 4 4 4],[1. 1. 1. ... 2. 2. 2.]
/home/ubuntu/Dropbox/Datasets/cholec80/phase_annotations/video07.mp4,/home/ubuntu/Dropbox/Datasets/cholec80/phase_annotations/video07-phase.txt,/home/ubuntu/Dropbox/Datasets/cholec80/phase_annotations/video07-tool.txt,/home/ubuntu/Dropbox/Datasets/cholec80/phase_annotations/video07.npy,"[{'start_frame': 0, 'end_frame': 1374, 'phase': 'Preparation', 'action': 0}, {'start_frame': 1375, 'end_frame': 14599, 'phase': 'CalotTriangleDissection', 'action': 1}, {'start_frame': 14600, 'end_frame': 21924, 'phase': 'ClippingCutting', 'action': 2}, {'start_frame': 21925, 'end_frame': 100149, 'phase': 'GallbladderDissection', 'action': 3}, {'start_frame': 100150, 'end_frame': 103199, 'phase': 'GallbladderPackaging', 'action': 6}, {'start_frame': 103200, 'end_frame': 111774, 'phase': 'CleaningCoagulation', 'action': 5}, {'start_frame': 111775, 'end_frame': 113925, 'phase': 'GallbladderRetraction', 'label': 4}]",[0 0 0 ... 4 4 4],[1. 1. 1. ... 2. 2. 2.]
/home/ubuntu/Dropbox/Datasets/cholec80/phase_annotations/video08.mp4,/home/ubuntu/Dropbox/Datasets/cholec80/phase_annotations/video08-phase.txt,/home/ubuntu/Dropbox/Datasets/cholec80/phase_annotations/video08-tool.txt,/home/ubuntu/Dropbox/Datasets/cholec80/phase_annotations/video08.npy,"[{'start_frame': 0, 'end_frame': 2449, 'phase': 'Preparation', 'action': 0}, {'start_frame': 2450, 'end_frame': 19124, 'phase': 'CalotTriangleDissection', 'action': 1}, {'start_frame': 19125, 'end_frame': 21349, 'phase': 'ClippingCutting', 'action': 2}, {'start_frame': 21350, 'end_frame': 29099, 'phase': 'GallbladderDissection', 'action': 3}, {'start_frame': 29100, 'end_frame': 30799, 'phase': 'GallbladderPackaging', 'action': 6}, {'start_frame': 30800, 'end_frame': 33274, 'phase': 'CleaningCoagulation', 'action': 5}, {'start_frame': 33275, 'end_frame': 37975, 'phase': 'GallbladderRetraction', 'label': 4}]",[0 0 0 ... 4 4 4],[1. 1. 1. ... 2. 2. 2.]
/home/ubuntu/Dropbox/Datasets/cholec80/phase_annotations/video09.mp4,/home/ubuntu/Dropbox/Datasets/cholec80/phase_annotations/video09-phase.txt,/home/ubuntu/Dropbox/Datasets/cholec80/phase_annotations/video09-tool.txt,/home/ubuntu/Dropbox/Datasets/cholec80/phase_annotations/video09.npy,"[{'start_frame': 0, 'end_frame': 2474, 'phase': 'Preparation', 'action': 0}, {'start_frame': 2475, 'end_frame': 26699, 'phase': 'CalotTriangleDissection', 'action': 1}, {'start_frame': 26700, 'end_frame': 31249, 'phase': 'ClippingCutting', 'action': 2}, {'start_frame': 31250, 'end_frame': 58549, 'phase': 'GallbladderDissection', 'action': 3}, {'start_frame': 58550, 'end_frame': 61249, 'phase': 'GallbladderPackaging', 'action': 6}, {'start_frame': 61250, 'end_frame': 65549, 'phase': 'CleaningCoagulation', 'action': 5}, {'start_frame': 65550, 'end_frame': 67550, 'phase': 'GallbladderRetraction', 'label': 4}]",[0 0 0 ... 4 4 4],[1. 1. 1. ... 2. 2. 2.]
/home/ubuntu/Dropbox/Datasets/cholec80/phase_annotations/video10.mp4,/home/ubuntu/Dropbox/Datasets/cholec80/phase_annotations/video10-phase.txt,/home/ubuntu/Dropbox/Datasets/cholec80/phase_annotations/video10-tool.txt,/home/ubuntu/Dropbox/Datasets/cholec80/phase_annotations/video10.npy,"[{'start_frame': 0, 'end_frame': 22774, 'phase': 'CalotTriangleDissection', 'action': 1}, {'start_frame': 22775, 'end_frame': 25749, 'phase': 'ClippingCutting', 'action': 2}, {'start_frame': 25750, 'end_frame': 30024, 'phase': 'GallbladderDissection', 'action': 3}, {'start_frame': 30025, 'end_frame': 37324, 'phase': 'GallbladderPackaging', 'action': 6}, {'start_frame': 37325, 'end_frame': 38274, 'phase': 'CleaningCoagulation', 'action': 5}, {'start_frame': 38275, 'end_frame': 43725, 'phase': 'GallbladderRetraction', 'label': 4}]",[1 1 1 ... 4 4 4],[1. 1. 1. ... 2. 2. 2.]
/home/ubuntu/Dropbox/Datasets/cholec80/phase_annotations/video11.mp4,/home/ubuntu/Dropbox/Datasets/cholec80/phase_annotations/video11-phase.txt,/home/ubuntu/Dropbox/Datasets/cholec80/phase_annotations/video11-tool.txt,/home/ubuntu/Dropbox/Datasets/cholec80/phase_annotations/video11.npy,"[{'start_frame': 0, 'end_frame': 1074, 'phase': 'Preparation', 'action': 0}, {'start_frame': 1075, 'end_frame': 50924, 'phase': 'CalotTriangleDissection', 'action': 1}, {'start_frame': 50925, 'end_frame': 59699, 'phase': 'ClippingCutting', 'action': 2}, {'start_frame': 59700, 'end_frame': 74024, 'phase': 'GallbladderDissection', 'action': 3}, {'start_frame': 74025, 'end_frame': 75849, 'phase': 'GallbladderPackaging', 'action': 6}, {'start_frame': 75850, 'end_frame': 78649, 'phase': 'CleaningCoagulation', 'action': 5}, {'start_frame': 78650, 'end_frame': 80500, 'phase': 'GallbladderRetraction', 'label': 4}]",[0 0 0 ... 4 4 4],[1. 1. 1. ... 2. 2. 2.]
/home/ubuntu/Dropbox/Datasets/cholec80/phase_annotations/video12.mp4,/home/ubuntu/Dropbox/Datasets/cholec80/phase_annotations/video12-phase.txt,/home/ubuntu/Dropbox/Datasets/cholec80/phase_annotations/video12-tool.txt,/home/ubuntu/Dropbox/Datasets/cholec80/phase_annotations/video12.npy,"[{'start_frame': 0, 'end_frame': 3899, 'phase': 'Preparation', 'action': 0}, {'start_frame': 3900, 'end_frame': 12949, 'phase': 'CalotTriangleDissection', 'action': 1}, {'start_frame': 12950, 'end_frame': 15249, 'phase': 'ClippingCutting', 'action': 2}, {'start_frame': 15250, 'end_frame': 22949, 'phase': 'GallbladderDissection', 'action': 3}, {'start_frame': 22950, 'end_frame': 23999, 'phase': 'GallbladderPackaging', 'action': 6}, {'start_frame': 24000, 'end_frame': 24699, 'phase': 'GallbladderRetraction', 'action': 4}, {'start_frame': 24700, 'end_frame': 27250, 'phase': 'CleaningCoagulation', 'label': 5}]",[0 0 0 ... 5 5 5],[1. 1. 1. ... 2. 2. 2.]
/home/ubuntu/Dropbox/Datasets/cholec80/phase_annotations/video13.mp4,/home/ubuntu/Dropbox/Datasets/cholec80/phase_annotations/video13-phase.txt,/home/ubuntu/Dropbox/Datasets/cholec80/phase_annotations/video13-tool.txt,/home/ubuntu/Dropbox/Datasets/cholec80/phase_annotations/video13.npy,"[{'start_frame': 0, 'end_frame': 9199, 'phase': 'CalotTriangleDissection', 'action': 1}, {'start_frame': 9200, 'end_frame': 11249, 'phase': 'ClippingCutting', 'action': 2}, {'start_frame': 11250, 'end_frame': 20499, 'phase': 'GallbladderDissection', 'action': 3}, {'start_frame': 20500, 'end_frame': 22249, 'phase': 'GallbladderPackaging', 'action': 6}, {'start_frame': 22250, 'end_frame': 22974, 'phase': 'CleaningCoagulation', 'action': 5}, {'start_frame': 22975, 'end_frame': 24525, 'phase': 'GallbladderRetraction', 'label': 4}]",[1 1 1 ... 4 4 4],[1. 1. 1. ... 2. 2. 2.]
/home/ubuntu/Dropbox/Datasets/cholec80/phase_annotations/video14.mp4,/home/ubuntu/Dropbox/Datasets/cholec80/phase_annotations/video14-phase.txt,/home/ubuntu/Dropbox/Datasets/cholec80/phase_annotations/video14-tool.txt,/home/ubuntu/Dropbox/Datasets/cholec80/phase_annotations/video14.npy,"[{'start_frame': 0, 'end_frame': 799, 'phase': 'Preparation', 'action': 0}, {'start_frame': 800, 'end_frame': 14749, 'phase': 'CalotTriangleDissection', 'action': 1}, {'start_frame': 14750, 'end_frame': 15849, 'phase': 'ClippingCutting', 'action': 2}, {'start_frame': 15850, 'end_frame': 33599, 'phase': 'GallbladderDissection', 'action': 3}, {'start_frame': 33600, 'end_frame': 37774, 'phase': 'GallbladderPackaging', 'action': 6}, {'start_frame': 37775, 'end_frame': 39624, 'phase': 'GallbladderRetraction', 'action': 4}, {'start_frame': 39625, 'end_frame': 42700, 'phase': 'CleaningCoagulation', 'label': 5}]",[0 0 0 ... 5 5 5],[1. 1. 1. ... 2. 2. 2.]
/home/ubuntu/Dropbox/Datasets/cholec80/phase_annotations/video15.mp4,/home/ubuntu/Dropbox/Datasets/cholec80/phase_annotations/video15-phase.txt,/home/ubuntu/Dropbox/Datasets/cholec80/phase_annotations/video15-tool.txt,/home/ubuntu/Dropbox/Datasets/cholec80/phase_annotations/video15.npy,"[{'start_frame': 0, 'end_frame': 3450, 'phase': 'Preparation', 'action': 0}, {'start_frame': 3451, 'end_frame': 11200, 'phase': 'CalotTriangleDissection', 'action': 1}, {'start_frame': 11201, 'end_frame': 18800, 'phase': 'ClippingCutting', 'action': 2}, {'start_frame': 18801, 'end_frame': 44725, 'phase': 'GallbladderDissection', 'action': 3}, {'start_frame': 44726, 'end_frame': 47125, 'phase': 'GallbladderPackaging', 'action': 6}, {'start_frame': 47126, 'end_frame': 49575, 'phase': 'CleaningCoagulation', 'action': 5}, {'start_frame': 49576, 'end_frame': 51451, 'phase': 'GallbladderRetraction', 'label': 4}]",[0 0 0 ... 4 4 4],[1. 1. 1. ... 2. 2. 2.]
/home/ubuntu/Dropbox/Datasets/cholec80/phase_annotations/video16.mp4,/home/ubuntu/Dropbox/Datasets/cholec80/phase_annotations/video16-phase.txt,/home/ubuntu/Dropbox/Datasets/cholec80/phase_annotations/video16-tool.txt,/home/ubuntu/Dropbox/Datasets/cholec80/phase_annotations/video16.npy,"[{'start_frame': 0, 'end_frame': 1174, 'phase': 'Preparation', 'action': 0}, {'start_frame': 1175, 'end_frame': 31224, 'phase': 'CalotTriangleDissection', 'action': 1}, {'start_frame': 31225, 'end_frame': 37899, 'phase': 'ClippingCutting', 'action': 2}, {'start_frame': 37900, 'end_frame': 65649, 'phase': 'GallbladderDissection', 'action': 3}, {'start_frame': 65650, 'end_frame': 68949, 'phase': 'GallbladderPackaging', 'action': 6}, {'start_frame': 68950, 'end_frame': 71399, 'phase': 'CleaningCoagulation', 'action': 5}, {'start_frame': 71400, 'end_frame': 73925, 'phase': 'GallbladderRetraction', 'label': 4}]",[0 0 0 ... 4 4 4],[1. 1. 1. ... 2. 2. 2.]
/home/ubuntu/Dropbox/Datasets/cholec80/phase_annotations/video17.mp4,/home/ubuntu/Dropbox/Datasets/cholec80/phase_annotations/video17-phase.txt,/home/ubuntu/Dropbox/Datasets/cholec80/phase_annotations/video17-tool.txt,/home/ubuntu/Dropbox/Datasets/cholec80/phase_annotations/video17.npy,"[{'start_frame': 0, 'end_frame': 3474, 'phase': 'Preparation', 'action': 0}, {'start_frame': 3475, 'end_frame': 14574, 'phase': 'CalotTriangleDissection', 'action': 1}, {'start_frame': 14575, 'end_frame': 17174, 'phase': 'ClippingCutting', 'action': 2}, {'start_frame': 17175, 'end_frame': 25674, 'phase': 'GallbladderDissection', 'action': 3}, {'start_frame': 25675, 'end_frame': 28674, 'phase': 'CleaningCoagulation', 'action': 5}, {'start_frame': 28675, 'end_frame': 30524, 'phase': 'GallbladderPackaging', 'action': 6}, {'start_frame': 30525, 'end_frame': 32600, 'phase': 'GallbladderRetraction', 'label': 4}]",[0 0 0 ... 4 4 4],[1. 1. 1. ... 2. 2. 2.]
/home/ubuntu/Dropbox/Datasets/cholec80/phase_annotations/video18.mp4,/home/ubuntu/Dropbox/Datasets/cholec80/phase_annotations/video18-phase.txt,/home/ubuntu/Dropbox/Datasets/cholec80/phase_annotations/video18-tool.txt,/home/ubuntu/Dropbox/Datasets/cholec80/phase_annotations/video18.npy,"[{'start_frame': 0, 'end_frame': 824, 'phase': 'Preparation', 'action': 0}, {'start_frame': 825, 'end_frame': 19549, 'phase': 'CalotTriangleDissection', 'action': 1}, {'start_frame': 19550, 'end_frame': 25499, 'phase': 'ClippingCutting', 'action': 2}, {'start_frame': 25500, 'end_frame': 40824, 'phase': 'GallbladderDissection', 'action': 3}, {'start_frame': 40825, 'end_frame': 42749, 'phase': 'GallbladderPackaging', 'action': 6}, {'start_frame': 42750, 'end_frame': 47099, 'phase': 'CleaningCoagulation', 'action': 5}, {'start_frame': 47100, 'end_frame': 48550, 'phase': 'GallbladderRetraction', 'label': 4}]",[0 0 0 ... 4 4 4],[1. 1. 1. ... 2. 2. 2.]
/home/ubuntu/Dropbox/Datasets/cholec80/phase_annotations/video19.mp4,/home/ubuntu/Dropbox/Datasets/cholec80/phase_annotations/video19-phase.txt,/home/ubuntu/Dropbox/Datasets/cholec80/phase_annotations/video19-tool.txt,/home/ubuntu/Dropbox/Datasets/cholec80/phase_annotations/video19.npy,"[{'start_frame': 0, 'end_frame': 38724, 'phase': 'CalotTriangleDissection', 'action': 1}, {'start_frame': 38725, 'end_frame': 42599, 'phase': 'ClippingCutting', 'action': 2}, {'start_frame': 42600, 'end_frame': 54499, 'phase': 'GallbladderDissection', 'action': 3}, {'start_frame': 54500, 'end_frame': 57424, 'phase': 'GallbladderPackaging', 'action': 6}, {'start_frame': 57425, 'end_frame': 59799, 'phase': 'CleaningCoagulation', 'action': 5}, {'start_frame': 59800, 'end_frame': 60600, 'phase': 'GallbladderRetraction', 'label': 4}]",[1 1 1 ... 4 4 4],[1. 1. 1. ... 2. 2. 2.]
/home/ubuntu/Dropbox/Datasets/cholec80/phase_annotations/video20.mp4,/home/ubuntu/Dropbox/Datasets/cholec80/phase_annotations/video20-phase.txt,/home/ubuntu/Dropbox/Datasets/cholec80/phase_annotations/video20-tool.txt,/home/ubuntu/Dropbox/Datasets/cholec80/phase_annotations/video20.npy,"[{'start_frame': 0, 'end_frame': 3124, 'phase': 'Preparation', 'action': 0}, {'start_frame': 3125, 'end_frame': 15924, 'phase': 'CalotTriangleDissection', 'action': 1}, {'start_frame': 15925, 'end_frame': 18049, 'phase': 'ClippingCutting', 'action': 2}, {'start_frame': 18050, 'end_frame': 26524, 'phase': 'GallbladderDissection', 'action': 3}, {'start_frame': 26525, 'end_frame': 28649, 'phase': 'GallbladderPackaging', 'action': 6}, {'start_frame': 28650, 'end_frame': 34874, 'phase': 'CleaningCoagulation', 'action': 5}, {'start_frame': 34875, 'end_frame': 36225, 'phase': 'GallbladderRetraction', 'label': 4}]",[0 0 0 ... 4 4 4],[1. 1. 1. ... 2. 2. 2.]
/home/ubuntu/Dropbox/Datasets/cholec80/phase_annotations/video21.mp4,/home/ubuntu/Dropbox/Datasets/cholec80/phase_annotations/video21-phase.txt,/home/ubuntu/Dropbox/Datasets/cholec80/phase_annotations/video21-tool.txt,/home/ubuntu/Dropbox/Datasets/cholec80/phase_annotations/video21.npy,"[{'start_frame': 0, 'end_frame': 5349, 'phase': 'Preparation', 'action': 0}, {'start_frame': 5350, 'end_frame': 16924, 'phase': 'CalotTriangleDissection', 'action': 1}, {'start_frame': 16925, 'end_frame': 23224, 'phase': 'ClippingCutting', 'action': 2}, {'start_frame': 23225, 'end_frame': 29149, 'phase': 'GallbladderDissection', 'action': 3}, {'start_frame': 29150, 'end_frame': 30324, 'phase': 'GallbladderPackaging', 'action': 6}, {'start_frame': 30325, 'end_frame': 31450, 'phase': 'GallbladderRetraction', 'label': 4}]",[0 0 0 ... 4 4 4],[1. 1. 1. ... 2. 2. 2.]
/home/ubuntu/Dropbox/Datasets/cholec80/phase_annotations/video22.mp4,/home/ubuntu/Dropbox/Datasets/cholec80/phase_annotations/video22-phase.txt,/home/ubuntu/Dropbox/Datasets/cholec80/phase_annotations/video22-tool.txt,/home/ubuntu/Dropbox/Datasets/cholec80/phase_annotations/video22.npy,"[{'start_frame': 0, 'end_frame': 11474, 'phase': 'CalotTriangleDissection', 'action': 1}, {'start_frame': 11475, 'end_frame': 16074, 'phase': 'ClippingCutting', 'action': 2}, {'start_frame': 16075, 'end_frame': 26474, 'phase': 'GallbladderDissection', 'action': 3}, {'start_frame': 26475, 'end_frame': 28649, 'phase': 'GallbladderPackaging', 'action': 6}, {'start_frame': 28650, 'end_frame': 35674, 'phase': 'CleaningCoagulation', 'action': 5}, {'start_frame': 35675, 'end_frame': 38300, 'phase': 'GallbladderRetraction', 'label': 4}]",[1 1 1 ... 4 4 4],[1. 1. 1. ... 2. 2. 2.]
/home/ubuntu/Dropbox/Datasets/cholec80/phase_annotations/video23.mp4,/home/ubuntu/Dropbox/Datasets/cholec80/phase_annotations/video23-phase.txt,/home/ubuntu/Dropbox/Datasets/cholec80/phase_annotations/video23-tool.txt,/home/ubuntu/Dropbox/Datasets/cholec80/phase_annotations/video23.npy,"[{'start_frame': 0, 'end_frame': 15674, 'phase': 'CalotTriangleDissection', 'action': 1}, {'start_frame': 15675, 'end_frame': 17724, 'phase': 'ClippingCutting', 'action': 2}, {'start_frame': 17725, 'end_frame': 26649, 'phase': 'GallbladderDissection', 'action': 3}, {'start_frame': 26650, 'end_frame': 28499, 'phase': 'GallbladderPackaging', 'action': 6}, {'start_frame': 28500, 'end_frame': 38599, 'phase': 'CleaningCoagulation', 'action': 5}, {'start_frame': 38600, 'end_frame': 40875, 'phase': 'GallbladderRetraction', 'label': 4}]",[1 1 1 ... 4 4 4],[1. 1. 1. ... 2. 2. 2.]
/home/ubuntu/Dropbox/Datasets/cholec80/phase_annotations/video24.mp4,/home/ubuntu/Dropbox/Datasets/cholec80/phase_annotations/video24-phase.txt,/home/ubuntu/Dropbox/Datasets/cholec80/phase_annotations/video24-tool.txt,/home/ubuntu/Dropbox/Datasets/cholec80/phase_annotations/video24.npy,"[{'start_frame': 0, 'end_frame': 10599, 'phase': 'Preparation', 'action': 0}, {'start_frame': 10600, 'end_frame': 18074, 'phase': 'CalotTriangleDissection', 'action': 1}, {'start_frame': 18075, 'end_frame': 20824, 'phase': 'ClippingCutting', 'action': 2}, {'start_frame': 20825, 'end_frame': 40024, 'phase': 'GallbladderDissection', 'action': 3}, {'start_frame': 40025, 'end_frame': 42299, 'phase': 'GallbladderPackaging', 'action': 6}, {'start_frame': 42300, 'end_frame': 48374, 'phase': 'CleaningCoagulation', 'action': 5}, {'start_frame': 48375, 'end_frame': 49375, 'phase': 'GallbladderRetraction', 'label': 4}]",[0 0 0 ... 4 4 4],[1. 1. 1. ... 2. 2. 2.]
/home/ubuntu/Dropbox/Datasets/cholec80/phase_annotations/video25.mp4,/home/ubuntu/Dropbox/Datasets/cholec80/phase_annotations/video25-phase.txt,/home/ubuntu/Dropbox/Datasets/cholec80/phase_annotations/video25-tool.txt,/home/ubuntu/Dropbox/Datasets/cholec80/phase_annotations/video25.npy,"[{'start_frame': 0, 'end_frame': 1174, 'phase': 'Preparation', 'action': 0}, {'start_frame': 1175, 'end_frame': 22949, 'phase': 'CalotTriangleDissection', 'action': 1}, {'start_frame': 22950, 'end_frame': 25949, 'phase': 'ClippingCutting', 'action': 2}, {'start_frame': 25950, 'end_frame': 39974, 'phase': 'GallbladderDissection', 'action': 3}, {'start_frame': 39975, 'end_frame': 42599, 'phase': 'GallbladderPackaging', 'action': 6}, {'start_frame': 42600, 'end_frame': 51874, 'phase': 'CleaningCoagulation', 'action': 5}, {'start_frame': 51875, 'end_frame': 53225, 'phase': 'GallbladderRetraction', 'label': 4}]",[0 0 0 ... 4 4 4],[1. 1. 1. ... 2. 2. 2.]
/home/ubuntu/Dropbox/Datasets/cholec80/phase_annotations/video26.mp4,/home/ubuntu/Dropbox/Datasets/cholec80/phase_annotations/video26-phase.txt,/home/ubuntu/Dropbox/Datasets/cholec80/phase_annotations/video26-tool.txt,/home/ubuntu/Dropbox/Datasets/cholec80/phase_annotations/video26.npy,"[{'start_frame': 0, 'end_frame': 2449, 'phase': 'Preparation', 'action': 0}, {'start_frame': 2450, 'end_frame': 18374, 'phase': 'CalotTriangleDissection', 'action': 1}, {'start_frame': 18375, 'end_frame': 22874, 'phase': 'ClippingCutting', 'action': 2}, {'start_frame': 22875, 'end_frame': 37574, 'phase': 'GallbladderDissection', 'action': 3}, {'start_frame': 37575, 'end_frame': 39099, 'phase': 'GallbladderPackaging', 'action': 6}, {'start_frame': 39100, 'end_frame': 43799, 'phase': 'CleaningCoagulation', 'action': 5}, {'start_frame': 43800, 'end_frame': 44325, 'phase': 'GallbladderRetraction', 'label': 4}]",[0 0 0 ... 4 4 4],[1. 1. 1. ... 2. 2. 2.]
/home/ubuntu/Dropbox/Datasets/cholec80/phase_annotations/video27.mp4,/home/ubuntu/Dropbox/Datasets/cholec80/phase_annotations/video27-phase.txt,/home/ubuntu/Dropbox/Datasets/cholec80/phase_annotations/video27-tool.txt,/home/ubuntu/Dropbox/Datasets/cholec80/phase_annotations/video27.npy,"[{'start_frame': 0, 'end_frame': 1974, 'phase': 'Preparation', 'action': 0}, {'start_frame': 1975, 'end_frame': 22624, 'phase': 'CalotTriangleDissection', 'action': 1}, {'start_frame': 22625, 'end_frame': 30674, 'phase': 'ClippingCutting', 'action': 2}, {'start_frame': 30675, 'end_frame': 43774, 'phase': 'GallbladderDissection', 'action': 3}, {'start_frame': 43775, 'end_frame': 48024, 'phase': 'GallbladderPackaging', 'action': 6}, {'start_frame': 48025, 'end_frame': 50749, 'phase': 'CleaningCoagulation', 'action': 5}, {'start_frame': 50750, 'end_frame': 52100, 'phase': 'GallbladderRetraction', 'label': 4}]",[0 0 0 ... 4 4 4],[1. 1. 1. ... 2. 2. 2.]
/home/ubuntu/Dropbox/Datasets/cholec80/phase_annotations/video28.mp4,/home/ubuntu/Dropbox/Datasets/cholec80/phase_annotations/video28-phase.txt,/home/ubuntu/Dropbox/Datasets/cholec80/phase_annotations/video28-tool.txt,/home/ubuntu/Dropbox/Datasets/cholec80/phase_annotations/video28.npy,"[{'start_frame': 0, 'end_frame': 1049, 'phase': 'Preparation', 'action': 0}, {'start_frame': 1050, 'end_frame': 17674, 'phase': 'CalotTriangleDissection', 'action': 1}, {'start_frame': 17675, 'end_frame': 20424, 'phase': 'ClippingCutting', 'action': 2}, {'start_frame': 20425, 'end_frame': 25424, 'phase': 'GallbladderDissection', 'action': 3}, {'start_frame': 25425, 'end_frame': 27374, 'phase': 'GallbladderPackaging', 'action': 6}, {'start_frame': 27375, 'end_frame': 29199, 'phase': 'CleaningCoagulation', 'action': 5}, {'start_frame': 29200, 'end_frame': 29975, 'phase': 'GallbladderRetraction', 'label': 4}]",[0 0 0 ... 4 4 4],[1. 1. 1. ... 2. 2. 2.]
/home/ubuntu/Dropbox/Datasets/cholec80/phase_annotations/video29.mp4,/home/ubuntu/Dropbox/Datasets/cholec80/phase_annotations/video29-phase.txt,/home/ubuntu/Dropbox/Datasets/cholec80/phase_annotations/video29-tool.txt,/home/ubuntu/Dropbox/Datasets/cholec80/phase_annotations/video29.npy,"[{'start_frame': 0, 'end_frame': 12724, 'phase': 'CalotTriangleDissection', 'action': 1}, {'start_frame': 12725, 'end_frame': 17249, 'phase': 'ClippingCutting', 'action': 2}, {'start_frame': 17250, 'end_frame': 42924, 'phase': 'GallbladderDissection', 'action': 3}, {'start_frame': 42925, 'end_frame': 45974, 'phase': 'GallbladderPackaging', 'action': 6}, {'start_frame': 45975, 'end_frame': 57574, 'phase': 'CleaningCoagulation', 'action': 5}, {'start_frame': 57575, 'end_frame': 58750, 'phase': 'GallbladderRetraction', 'label': 4}]",[1 1 1 ... 4 4 4],[1. 1. 1. ... 2. 2. 2.]
/home/ubuntu/Dropbox/Datasets/cholec80/phase_annotations/video30.mp4,/home/ubuntu/Dropbox/Datasets/cholec80/phase_annotations/video30-phase.txt,/home/ubuntu/Dropbox/Datasets/cholec80/phase_annotations/video30-tool.txt,/home/ubuntu/Dropbox/Datasets/cholec80/phase_annotations/video30.npy,"[{'start_frame': 0, 'end_frame': 2999, 'phase': 'Preparation', 'action': 0}, {'start_frame': 3000, 'end_frame': 20774, 'phase': 'CalotTriangleDissection', 'action': 1}, {'start_frame': 20775, 'end_frame': 31399, 'phase': 'ClippingCutting', 'action': 2}, {'start_frame': 31400, 'end_frame': 55749, 'phase': 'GallbladderDissection', 'action': 3}, {'start_frame': 55750, 'end_frame': 57899, 'phase': 'GallbladderPackaging', 'action': 6}, {'start_frame': 57900, 'end_frame': 71649, 'phase': 'CleaningCoagulation', 'action': 5}, {'start_frame': 71650, 'end_frame': 73125, 'phase': 'GallbladderRetraction', 'label': 4}]",[0 0 0 ... 4 4 4],[1. 1. 1. ... 2. 2. 2.]
/home/ubuntu/Dropbox/Datasets/cholec80/phase_annotations/video31.mp4,/home/ubuntu/Dropbox/Datasets/cholec80/phase_annotations/video31-phase.txt,/home/ubuntu/Dropbox/Datasets/cholec80/phase_annotations/video31-tool.txt,/home/ubuntu/Dropbox/Datasets/cholec80/phase_annotations/video31.npy,"[{'start_frame': 0, 'end_frame': 4149, 'phase': 'Preparation', 'action': 0}, {'start_frame': 4150, 'end_frame': 78074, 'phase': 'CalotTriangleDissection', 'action': 1}, {'start_frame': 78075, 'end_frame': 89074, 'phase': 'ClippingCutting', 'action': 2}, {'start_frame': 89075, 'end_frame': 94674, 'phase': 'GallbladderDissection', 'action': 3}, {'start_frame': 94675, 'end_frame': 97149, 'phase': 'GallbladderPackaging', 'action': 6}, {'start_frame': 97150, 'end_frame': 98524, 'phase': 'CleaningCoagulation', 'action': 5}, {'start_frame': 98525, 'end_frame': 98625, 'phase': 'GallbladderRetraction', 'label': 4}]",[0 0 0 ... 4 4 4],[1. 1. 1. ... 2. 2. 2.]
/home/ubuntu/Dropbox/Datasets/cholec80/phase_annotations/video32.mp4,/home/ubuntu/Dropbox/Datasets/cholec80/phase_annotations/video32-phase.txt,/home/ubuntu/Dropbox/Datasets/cholec80/phase_annotations/video32-tool.txt,/home/ubuntu/Dropbox/Datasets/cholec80/phase_annotations/video32.npy,"[{'start_frame': 0, 'end_frame': 25449, 'phase': 'CalotTriangleDissection', 'action': 1}, {'start_frame': 25450, 'end_frame': 28524, 'phase': 'ClippingCutting', 'action': 2}, {'start_frame': 28525, 'end_frame': 44974, 'phase': 'GallbladderDissection', 'action': 3}, {'start_frame': 44975, 'end_frame': 46849, 'phase': 'GallbladderPackaging', 'action': 6}, {'start_frame': 46850, 'end_frame': 49374, 'phase': 'GallbladderRetraction', 'action': 4}, {'start_frame': 49375, 'end_frame': 52900, 'phase': 'CleaningCoagulation', 'label': 5}]",[1 1 1 ... 5 5 5],[1. 1. 1. ... 2. 2. 2.]
/home/ubuntu/Dropbox/Datasets/cholec80/phase_annotations/video33.mp4,/home/ubuntu/Dropbox/Datasets/cholec80/phase_annotations/video33-phase.txt,/home/ubuntu/Dropbox/Datasets/cholec80/phase_annotations/video33-tool.txt,/home/ubuntu/Dropbox/Datasets/cholec80/phase_annotations/video33.npy,"[{'start_frame': 0, 'end_frame': 8274, 'phase': 'CalotTriangleDissection', 'action': 1}, {'start_frame': 8275, 'end_frame': 10849, 'phase': 'ClippingCutting', 'action': 2}, {'start_frame': 10850, 'end_frame': 25299, 'phase': 'GallbladderDissection', 'action': 3}, {'start_frame': 25300, 'end_frame': 27224, 'phase': 'GallbladderPackaging', 'action': 6}, {'start_frame': 27225, 'end_frame': 31049, 'phase': 'CleaningCoagulation', 'action': 5}, {'start_frame': 31050, 'end_frame': 32675, 'phase': 'GallbladderRetraction', 'label': 4}]",[1 1 1 ... 4 4 4],[1. 1. 1. ... 2. 2. 2.]
/home/ubuntu/Dropbox/Datasets/cholec80/phase_annotations/video34.mp4,/home/ubuntu/Dropbox/Datasets/cholec80/phase_annotations/video34-phase.txt,/home/ubuntu/Dropbox/Datasets/cholec80/phase_annotations/video34-tool.txt,/home/ubuntu/Dropbox/Datasets/cholec80/phase_annotations/video34.npy,"[{'start_frame': 0, 'end_frame': 749, 'phase': 'Preparation', 'action': 0}, {'start_frame': 750, 'end_frame': 9649, 'phase': 'CalotTriangleDissection', 'action': 1}, {'start_frame': 9650, 'end_frame': 11999, 'phase': 'ClippingCutting', 'action': 2}, {'start_frame': 12000, 'end_frame': 27174, 'phase': 'GallbladderDissection', 'action': 3}, {'start_frame': 27175, 'end_frame': 29274, 'phase': 'GallbladderPackaging', 'action': 6}, {'start_frame': 29275, 'end_frame': 31474, 'phase': 'CleaningCoagulation', 'action': 5}, {'start_frame': 31475, 'end_frame': 33075, 'phase': 'GallbladderRetraction', 'label': 4}]",[0 0 0 ... 4 4 4],[1. 1. 1. ... 2. 2. 2.]
/home/ubuntu/Dropbox/Datasets/cholec80/phase_annotations/video35.mp4,/home/ubuntu/Dropbox/Datasets/cholec80/phase_annotations/video35-phase.txt,/home/ubuntu/Dropbox/Datasets/cholec80/phase_annotations/video35-tool.txt,/home/ubuntu/Dropbox/Datasets/cholec80/phase_annotations/video35.npy,"[{'start_frame': 0, 'end_frame': 1324, 'phase': 'Preparation', 'action': 0}, {'start_frame': 1325, 'end_frame': 30274, 'phase': 'CalotTriangleDissection', 'action': 1}, {'start_frame': 30275, 'end_frame': 36599, 'phase': 'ClippingCutting', 'action': 2}, {'start_frame': 36600, 'end_frame': 44774, 'phase': 'GallbladderDissection', 'action': 3}, {'start_frame': 44775, 'end_frame': 46474, 'phase': 'GallbladderPackaging', 'action': 6}, {'start_frame': 46475, 'end_frame': 51549, 'phase': 'CleaningCoagulation', 'action': 5}, {'start_frame': 51550, 'end_frame': 52650, 'phase': 'GallbladderRetraction', 'label': 4}]",[0 0 0 ... 4 4 4],[1. 1. 1. ... 2. 2. 2.]
/home/ubuntu/Dropbox/Datasets/cholec80/phase_annotations/video36.mp4,/home/ubuntu/Dropbox/Datasets/cholec80/phase_annotations/video36-phase.txt,/home/ubuntu/Dropbox/Datasets/cholec80/phase_annotations/video36-tool.txt,/home/ubuntu/Dropbox/Datasets/cholec80/phase_annotations/video36.npy,"[{'start_frame': 0, 'end_frame': 5899, 'phase': 'Preparation', 'action': 0}, {'start_frame': 5900, 'end_frame': 26974, 'phase': 'CalotTriangleDissection', 'action': 1}, {'start_frame': 26975, 'end_frame': 29924, 'phase': 'ClippingCutting', 'action': 2}, {'start_frame': 29925, 'end_frame': 55274, 'phase': 'GallbladderDissection', 'action': 3}, {'start_frame': 55275, 'end_frame': 56974, 'phase': 'CleaningCoagulation', 'action': 5}, {'start_frame': 56975, 'end_frame': 58749, 'phase': 'GallbladderPackaging', 'action': 6}, {'start_frame': 58750, 'end_frame': 59675, 'phase': 'GallbladderRetraction', 'label': 4}]",[0 0 0 ... 4 4 4],[1. 1. 1. ... 2. 2. 2.]
/home/ubuntu/Dropbox/Datasets/cholec80/phase_annotations/video37.mp4,/home/ubuntu/Dropbox/Datasets/cholec80/phase_annotations/video37-phase.txt,/home/ubuntu/Dropbox/Datasets/cholec80/phase_annotations/video37-tool.txt,/home/ubuntu/Dropbox/Datasets/cholec80/phase_annotations/video37.npy,"[{'start_frame': 0, 'end_frame': 875, 'phase': 'Preparation', 'action': 0}, {'start_frame': 876, 'end_frame': 16350, 'phase': 'CalotTriangleDissection', 'action': 1}, {'start_frame': 16351, 'end_frame': 19075, 'phase': 'ClippingCutting', 'action': 2}, {'start_frame': 19076, 'end_frame': 27475, 'phase': 'GallbladderDissection', 'action': 3}, {'start_frame': 27476, 'end_frame': 28975, 'phase': 'CleaningCoagulation', 'action': 5}, {'start_frame': 28976, 'end_frame': 30450, 'phase': 'GallbladderPackaging', 'action': 6}, {'start_frame': 30451, 'end_frame': 30801, 'phase': 'GallbladderRetraction', 'label': 4}]",[0 0 0 ... 4 4 4],[1. 1. 1. ... 2. 2. 2.]
/home/ubuntu/Dropbox/Datasets/cholec80/phase_annotations/video38.mp4,/home/ubuntu/Dropbox/Datasets/cholec80/phase_annotations/video38-phase.txt,/home/ubuntu/Dropbox/Datasets/cholec80/phase_annotations/video38-tool.txt,/home/ubuntu/Dropbox/Datasets/cholec80/phase_annotations/video38.npy,"[{'start_frame': 0, 'end_frame': 49549, 'phase': 'CalotTriangleDissection', 'action': 1}, {'start_frame': 49550, 'end_frame': 53899, 'phase': 'ClippingCutting', 'action': 2}, {'start_frame': 53900, 'end_frame': 60774, 'phase': 'GallbladderDissection', 'action': 3}, {'start_frame': 60775, 'end_frame': 63224, 'phase': 'GallbladderPackaging', 'action': 6}, {'start_frame': 63225, 'end_frame': 75824, 'phase': 'CleaningCoagulation', 'action': 5}, {'start_frame': 75825, 'end_frame': 77000, 'phase': 'GallbladderRetraction', 'label': 4}]",[1 1 1 ... 4 4 4],[1. 1. 1. ... 2. 2. 2.]
/home/ubuntu/Dropbox/Datasets/cholec80/phase_annotations/video39.mp4,/home/ubuntu/Dropbox/Datasets/cholec80/phase_annotations/video39-phase.txt,/home/ubuntu/Dropbox/Datasets/cholec80/phase_annotations/video39-tool.txt,/home/ubuntu/Dropbox/Datasets/cholec80/phase_annotations/video39.npy,"[{'start_frame': 0, 'end_frame': 924, 'phase': 'Preparation', 'action': 0}, {'start_frame': 925, 'end_frame': 20724, 'phase': 'CalotTriangleDissection', 'action': 1}, {'start_frame': 20725, 'end_frame': 24674, 'phase': 'ClippingCutting', 'action': 2}, {'start_frame': 24675, 'end_frame': 35849, 'phase': 'GallbladderDissection', 'action': 3}, {'start_frame': 35850, 'end_frame': 37649, 'phase': 'GallbladderPackaging', 'action': 6}, {'start_frame': 37650, 'end_frame': 40124, 'phase': 'CleaningCoagulation', 'action': 5}, {'start_frame': 40125, 'end_frame': 41175, 'phase': 'GallbladderRetraction', 'label': 4}]",[0 0 0 ... 4 4 4],[1. 1. 1. ... 2. 2. 2.]
/home/ubuntu/Dropbox/Datasets/cholec80/phase_annotations/video40.mp4,/home/ubuntu/Dropbox/Datasets/cholec80/phase_annotations/video40-phase.txt,/home/ubuntu/Dropbox/Datasets/cholec80/phase_annotations/video40-tool.txt,/home/ubuntu/Dropbox/Datasets/cholec80/phase_annotations/video40.npy,"[{'start_frame': 0, 'end_frame': 6549, 'phase': 'Preparation', 'action': 0}, {'start_frame': 6550, 'end_frame': 33424, 'phase': 'CalotTriangleDissection', 'action': 1}, {'start_frame': 33425, 'end_frame': 37949, 'phase': 'ClippingCutting', 'action': 2}, {'start_frame': 37950, 'end_frame': 50174, 'phase': 'GallbladderDissection', 'action': 3}, {'start_frame': 50175, 'end_frame': 52749, 'phase': 'GallbladderPackaging', 'action': 6}, {'start_frame': 52750, 'end_frame': 54449, 'phase': 'CleaningCoagulation', 'action': 5}, {'start_frame': 54450, 'end_frame': 55550, 'phase': 'GallbladderRetraction', 'label': 4}]",[0 0 0 ... 4 4 4],[1. 1. 1. ... 2. 2. 2.]
/home/ubuntu/Dropbox/Datasets/cholec80/phase_annotations/video41.mp4,/home/ubuntu/Dropbox/Datasets/cholec80/phase_annotations/video41-phase.txt,/home/ubuntu/Dropbox/Datasets/cholec80/phase_annotations/video41-tool.txt,/home/ubuntu/Dropbox/Datasets/cholec80/phase_annotations/video41.npy,"[{'start_frame': 0, 'end_frame': 7974, 'phase': 'Preparation', 'action': 0}, {'start_frame': 7975, 'end_frame': 39149, 'phase': 'CalotTriangleDissection', 'action': 1}, {'start_frame': 39150, 'end_frame': 43449, 'phase': 'ClippingCutting', 'action': 2}, {'start_frame': 43450, 'end_frame': 66399, 'phase': 'GallbladderDissection', 'action': 3}, {'start_frame': 66400, 'end_frame': 69824, 'phase': 'CleaningCoagulation', 'action': 5}, {'start_frame': 69825, 'end_frame': 74349, 'phase': 'GallbladderPackaging', 'action': 6}, {'start_frame': 74350, 'end_frame': 77575, 'phase': 'GallbladderRetraction', 'label': 4}]",[0 0 0 ... 4 4 4],[1. 1. 1. ... 2. 2. 2.]
/home/ubuntu/Dropbox/Datasets/cholec80/phase_annotations/video42.mp4,/home/ubuntu/Dropbox/Datasets/cholec80/phase_annotations/video42-phase.txt,/home/ubuntu/Dropbox/Datasets/cholec80/phase_annotations/video42-tool.txt,/home/ubuntu/Dropbox/Datasets/cholec80/phase_annotations/video42.npy,"[{'start_frame': 0, 'end_frame': 4874, 'phase': 'Preparation', 'action': 0}, {'start_frame': 4875, 'end_frame': 43449, 'phase': 'CalotTriangleDissection', 'action': 1}, {'start_frame': 43450, 'end_frame': 51899, 'phase': 'ClippingCutting', 'action': 2}, {'start_frame': 51900, 'end_frame': 86174, 'phase': 'GallbladderDissection', 'action': 3}, {'start_frame': 86175, 'end_frame': 87799, 'phase': 'GallbladderPackaging', 'action': 6}, {'start_frame': 87800, 'end_frame': 91474, 'phase': 'CleaningCoagulation', 'action': 5}, {'start_frame': 91475, 'end_frame': 92800, 'phase': 'GallbladderRetraction', 'label': 4}]",[0 0 0 ... 4 4 4],[1. 1. 1. ... 2. 2. 2.]
/home/ubuntu/Dropbox/Datasets/cholec80/phase_annotations/video43.mp4,/home/ubuntu/Dropbox/Datasets/cholec80/phase_annotations/video43-phase.txt,/home/ubuntu/Dropbox/Datasets/cholec80/phase_annotations/video43-tool.txt,/home/ubuntu/Dropbox/Datasets/cholec80/phase_annotations/video43.npy,"[{'start_frame': 0, 'end_frame': 1949, 'phase': 'Preparation', 'action': 0}, {'start_frame': 1950, 'end_frame': 25024, 'phase': 'CalotTriangleDissection', 'action': 1}, {'start_frame': 25025, 'end_frame': 29974, 'phase': 'ClippingCutting', 'action': 2}, {'start_frame': 29975, 'end_frame': 45774, 'phase': 'GallbladderDissection', 'action': 3}, {'start_frame': 45775, 'end_frame': 47599, 'phase': 'GallbladderPackaging', 'action': 6}, {'start_frame': 47600, 'end_frame': 55599, 'phase': 'CleaningCoagulation', 'action': 5}, {'start_frame': 55600, 'end_frame': 59050, 'phase': 'GallbladderRetraction', 'label': 4}]",[0 0 0 ... 4 4 4],[1. 1. 1. ... 2. 2. 2.]
/home/ubuntu/Dropbox/Datasets/cholec80/phase_annotations/video44.mp4,/home/ubuntu/Dropbox/Datasets/cholec80/phase_annotations/video44-phase.txt,/home/ubuntu/Dropbox/Datasets/cholec80/phase_annotations/video44-tool.txt,/home/ubuntu/Dropbox/Datasets/cholec80/phase_annotations/video44.npy,"[{'start_frame': 0, 'end_frame': 3874, 'phase': 'Preparation', 'action': 0}, {'start_frame': 3875, 'end_frame': 32099, 'phase': 'CalotTriangleDissection', 'action': 1}, {'start_frame': 32100, 'end_frame': 35924, 'phase': 'ClippingCutting', 'action': 2}, {'start_frame': 35925, 'end_frame': 70199, 'phase': 'GallbladderDissection', 'action': 3}, {'start_frame': 70200, 'end_frame': 72499, 'phase': 'GallbladderPackaging', 'action': 6}, {'start_frame': 72500, 'end_frame': 76874, 'phase': 'CleaningCoagulation', 'action': 5}, {'start_frame': 76875, 'end_frame': 78175, 'phase': 'GallbladderRetraction', 'label': 4}]",[0 0 0 ... 4 4 4],[1. 1. 1. ... 2. 2. 2.]
/home/ubuntu/Dropbox/Datasets/cholec80/phase_annotations/video45.mp4,/home/ubuntu/Dropbox/Datasets/cholec80/phase_annotations/video45-phase.txt,/home/ubuntu/Dropbox/Datasets/cholec80/phase_annotations/video45-tool.txt,/home/ubuntu/Dropbox/Datasets/cholec80/phase_annotations/video45.npy,"[{'start_frame': 0, 'end_frame': 2024, 'phase': 'Preparation', 'action': 0}, {'start_frame': 2025, 'end_frame': 23974, 'phase': 'CalotTriangleDissection', 'action': 1}, {'start_frame': 23975, 'end_frame': 25874, 'phase': 'ClippingCutting', 'action': 2}, {'start_frame': 25875, 'end_frame': 59149, 'phase': 'GallbladderDissection', 'action': 3}, {'start_frame': 59150, 'end_frame': 63024, 'phase': 'GallbladderPackaging', 'action': 6}, {'start_frame': 63025, 'end_frame': 76874, 'phase': 'CleaningCoagulation', 'action': 5}, {'start_frame': 76875, 'end_frame': 84675, 'phase': 'GallbladderRetraction', 'label': 4}]",[0 0 0 ... 4 4 4],[1. 1. 1. ... 2. 2. 2.]
/home/ubuntu/Dropbox/Datasets/cholec80/phase_annotations/video46.mp4,/home/ubuntu/Dropbox/Datasets/cholec80/phase_annotations/video46-phase.txt,/home/ubuntu/Dropbox/Datasets/cholec80/phase_annotations/video46-tool.txt,/home/ubuntu/Dropbox/Datasets/cholec80/phase_annotations/video46.npy,"[{'start_frame': 0, 'end_frame': 2474, 'phase': 'Preparation', 'action': 0}, {'start_frame': 2475, 'end_frame': 14599, 'phase': 'CalotTriangleDissection', 'action': 1}, {'start_frame': 14600, 'end_frame': 17424, 'phase': 'ClippingCutting', 'action': 2}, {'start_frame': 17425, 'end_frame': 32049, 'phase': 'GallbladderDissection', 'action': 3}, {'start_frame': 32050, 'end_frame': 34424, 'phase': 'GallbladderPackaging', 'action': 6}, {'start_frame': 34425, 'end_frame': 39224, 'phase': 'CleaningCoagulation', 'action': 5}, {'start_frame': 39225, 'end_frame': 41325, 'phase': 'GallbladderRetraction', 'label': 4}]",[0 0 0 ... 4 4 4],[1. 1. 1. ... 2. 2. 2.]
/home/ubuntu/Dropbox/Datasets/cholec80/phase_annotations/video47.mp4,/home/ubuntu/Dropbox/Datasets/cholec80/phase_annotations/video47-phase.txt,/home/ubuntu/Dropbox/Datasets/cholec80/phase_annotations/video47-tool.txt,/home/ubuntu/Dropbox/Datasets/cholec80/phase_annotations/video47.npy,"[{'start_frame': 0, 'end_frame': 4524, 'phase': 'Preparation', 'action': 0}, {'start_frame': 4525, 'end_frame': 18699, 'phase': 'CalotTriangleDissection', 'action': 1}, {'start_frame': 18700, 'end_frame': 22474, 'phase': 'ClippingCutting', 'action': 2}, {'start_frame': 22475, 'end_frame': 45774, 'phase': 'GallbladderDissection', 'action': 3}, {'start_frame': 45775, 'end_frame': 47424, 'phase': 'GallbladderPackaging', 'action': 6}, {'start_frame': 47425, 'end_frame': 55424, 'phase': 'CleaningCoagulation', 'action': 5}, {'start_frame': 55425, 'end_frame': 56475, 'phase': 'GallbladderRetraction', 'label': 4}]",[0 0 0 ... 4 4 4],[1. 1. 1. ... 2. 2. 2.]
/home/ubuntu/Dropbox/Datasets/cholec80/phase_annotations/video48.mp4,/home/ubuntu/Dropbox/Datasets/cholec80/phase_annotations/video48-phase.txt,/home/ubuntu/Dropbox/Datasets/cholec80/phase_annotations/video48-tool.txt,/home/ubuntu/Dropbox/Datasets/cholec80/phase_annotations/video48.npy,"[{'start_frame': 0, 'end_frame': 3499, 'phase': 'Preparation', 'action': 0}, {'start_frame': 3500, 'end_frame': 26649, 'phase': 'CalotTriangleDissection', 'action': 1}, {'start_frame': 26650, 'end_frame': 29149, 'phase': 'ClippingCutting', 'action': 2}, {'start_frame': 29150, 'end_frame': 38774, 'phase': 'GallbladderDissection', 'action': 3}, {'start_frame': 38775, 'end_frame': 42749, 'phase': 'GallbladderPackaging', 'action': 6}, {'start_frame': 42750, 'end_frame': 43874, 'phase': 'CleaningCoagulation', 'action': 5}, {'start_frame': 43875, 'end_frame': 45850, 'phase': 'GallbladderRetraction', 'label': 4}]",[0 0 0 ... 4 4 4],[1. 1. 1. ... 2. 2. 2.]
/home/ubuntu/Dropbox/Datasets/cholec80/phase_annotations/video49.mp4,/home/ubuntu/Dropbox/Datasets/cholec80/phase_annotations/video49-phase.txt,/home/ubuntu/Dropbox/Datasets/cholec80/phase_annotations/video49-tool.txt,/home/ubuntu/Dropbox/Datasets/cholec80/phase_annotations/video49.npy,"[{'start_frame': 0, 'end_frame': 2249, 'phase': 'Preparation', 'action': 0}, {'start_frame': 2250, 'end_frame': 11724, 'phase': 'CalotTriangleDissection', 'action': 1}, {'start_frame': 11725, 'end_frame': 13299, 'phase': 'ClippingCutting', 'action': 2}, {'start_frame': 13300, 'end_frame': 27774, 'phase': 'GallbladderDissection', 'action': 3}, {'start_frame': 27775, 'end_frame': 29949, 'phase': 'GallbladderPackaging', 'action': 6}, {'start_frame': 29950, 'end_frame': 39624, 'phase': 'CleaningCoagulation', 'action': 5}, {'start_frame': 39625, 'end_frame': 41775, 'phase': 'GallbladderRetraction', 'label': 4}]",[0 0 0 ... 4 4 4],[1. 1. 1. ... 2. 2. 2.]
/home/ubuntu/Dropbox/Datasets/cholec80/phase_annotations/video50.mp4,/home/ubuntu/Dropbox/Datasets/cholec80/phase_annotations/video50-phase.txt,/home/ubuntu/Dropbox/Datasets/cholec80/phase_annotations/video50-tool.txt,/home/ubuntu/Dropbox/Datasets/cholec80/phase_annotations/video50.npy,"[{'start_frame': 0, 'end_frame': 1674, 'phase': 'Preparation', 'action': 0}, {'start_frame': 1675, 'end_frame': 15949, 'phase': 'CalotTriangleDissection', 'action': 1}, {'start_frame': 15950, 'end_frame': 16824, 'phase': 'ClippingCutting', 'action': 2}, {'start_frame': 16825, 'end_frame': 25124, 'phase': 'GallbladderDissection', 'action': 3}, {'start_frame': 25125, 'end_frame': 26649, 'phase': 'GallbladderPackaging', 'action': 6}, {'start_frame': 26650, 'end_frame': 27350, 'phase': 'GallbladderRetraction', 'label': 4}]",[0 0 0 ... 4 4 4],[1. 1. 1. ... 2. 2. 2.]
/home/ubuntu/Dropbox/Datasets/cholec80/phase_annotations/video51.mp4,/home/ubuntu/Dropbox/Datasets/cholec80/phase_annotations/video51-phase.txt,/home/ubuntu/Dropbox/Datasets/cholec80/phase_annotations/video51-tool.txt,/home/ubuntu/Dropbox/Datasets/cholec80/phase_annotations/video51.npy,"[{'start_frame': 0, 'end_frame': 5949, 'phase': 'Preparation', 'action': 0}, {'start_frame': 5950, 'end_frame': 34174, 'phase': 'CalotTriangleDissection', 'action': 1}, {'start_frame': 34175, 'end_frame': 49974, 'phase': 'ClippingCutting', 'action': 2}, {'start_frame': 49975, 'end_frame': 65024, 'phase': 'GallbladderDissection', 'action': 3}, {'start_frame': 65025, 'end_frame': 67349, 'phase': 'GallbladderPackaging', 'action': 6}, {'start_frame': 67350, 'end_frame': 72024, 'phase': 'CleaningCoagulation', 'action': 5}, {'start_frame': 72025, 'end_frame': 73600, 'phase': 'GallbladderRetraction', 'label': 4}]",[0 0 0 ... 4 4 4],[1. 1. 1. ... 2. 2. 2.]
/home/ubuntu/Dropbox/Datasets/cholec80/phase_annotations/video52.mp4,/home/ubuntu/Dropbox/Datasets/cholec80/phase_annotations/video52-phase.txt,/home/ubuntu/Dropbox/Datasets/cholec80/phase_annotations/video52-tool.txt,/home/ubuntu/Dropbox/Datasets/cholec80/phase_annotations/video52.npy,"[{'start_frame': 0, 'end_frame': 2749, 'phase': 'Preparation', 'action': 0}, {'start_frame': 2750, 'end_frame': 14599, 'phase': 'CalotTriangleDissection', 'action': 1}, {'start_frame': 14600, 'end_frame': 22774, 'phase': 'ClippingCutting', 'action': 2}, {'start_frame': 22775, 'end_frame': 32574, 'phase': 'GallbladderDissection', 'action': 3}, {'start_frame': 32575, 'end_frame': 34249, 'phase': 'GallbladderPackaging', 'action': 6}, {'start_frame': 34250, 'end_frame': 47999, 'phase': 'CleaningCoagulation', 'action': 5}, {'start_frame': 48000, 'end_frame': 49150, 'phase': 'GallbladderRetraction', 'label': 4}]",[0 0 0 ... 4 4 4],[1. 1. 1. ... 2. 2. 2.]
/home/ubuntu/Dropbox/Datasets/cholec80/phase_annotations/video53.mp4,/home/ubuntu/Dropbox/Datasets/cholec80/phase_annotations/video53-phase.txt,/home/ubuntu/Dropbox/Datasets/cholec80/phase_annotations/video53-tool.txt,/home/ubuntu/Dropbox/Datasets/cholec80/phase_annotations/video53.npy,"[{'start_frame': 0, 'end_frame': 1674, 'phase': 'Preparation', 'action': 0}, {'start_frame': 1675, 'end_frame': 29074, 'phase': 'CalotTriangleDissection', 'action': 1}, {'start_frame': 29075, 'end_frame': 31199, 'phase': 'ClippingCutting', 'action': 2}, {'start_frame': 31200, 'end_frame': 64524, 'phase': 'GallbladderDissection', 'action': 3}, {'start_frame': 64525, 'end_frame': 66074, 'phase': 'GallbladderPackaging', 'action': 6}, {'start_frame': 66075, 'end_frame': 80949, 'phase': 'CleaningCoagulation', 'action': 5}, {'start_frame': 80950, 'end_frame': 82075, 'phase': 'GallbladderRetraction', 'label': 4}]",[0 0 0 ... 4 4 4],[1. 1. 1. ... 2. 2. 2.]
/home/ubuntu/Dropbox/Datasets/cholec80/phase_annotations/video54.mp4,/home/ubuntu/Dropbox/Datasets/cholec80/phase_annotations/video54-phase.txt,/home/ubuntu/Dropbox/Datasets/cholec80/phase_annotations/video54-tool.txt,/home/ubuntu/Dropbox/Datasets/cholec80/phase_annotations/video54.npy,"[{'start_frame': 0, 'end_frame': 3124, 'phase': 'Preparation', 'action': 0}, {'start_frame': 3125, 'end_frame': 32799, 'phase': 'CalotTriangleDissection', 'action': 1}, {'start_frame': 32800, 'end_frame': 37674, 'phase': 'ClippingCutting', 'action': 2}, {'start_frame': 37675, 'end_frame': 60449, 'phase': 'GallbladderDissection', 'action': 3}, {'start_frame': 60450, 'end_frame': 62274, 'phase': 'GallbladderPackaging', 'action': 6}, {'start_frame': 62275, 'end_frame': 74699, 'phase': 'CleaningCoagulation', 'action': 5}, {'start_frame': 74700, 'end_frame': 77500, 'phase': 'GallbladderRetraction', 'label': 4}]",[0 0 0 ... 4 4 4],[1. 1. 1. ... 2. 2. 2.]
/home/ubuntu/Dropbox/Datasets/cholec80/phase_annotations/video55.mp4,/home/ubuntu/Dropbox/Datasets/cholec80/phase_annotations/video55-phase.txt,/home/ubuntu/Dropbox/Datasets/cholec80/phase_annotations/video55-tool.txt,/home/ubuntu/Dropbox/Datasets/cholec80/phase_annotations/video55.npy,"[{'start_frame': 0, 'end_frame': 524, 'phase': 'Preparation', 'action': 0}, {'start_frame': 525, 'end_frame': 12049, 'phase': 'CalotTriangleDissection', 'action': 1}, {'start_frame': 12050, 'end_frame': 14024, 'phase': 'ClippingCutting', 'action': 2}, {'start_frame': 14025, 'end_frame': 22199, 'phase': 'GallbladderDissection', 'action': 3}, {'start_frame': 22200, 'end_frame': 23549, 'phase': 'GallbladderPackaging', 'action': 6}, {'start_frame': 23550, 'end_frame': 24699, 'phase': 'CleaningCoagulation', 'action': 5}, {'start_frame': 24700, 'end_frame': 25925, 'phase': 'GallbladderRetraction', 'label': 4}]",[0 0 0 ... 4 4 4],[1. 1. 1. ... 2. 2. 2.]
/home/ubuntu/Dropbox/Datasets/cholec80/phase_annotations/video56.mp4,/home/ubuntu/Dropbox/Datasets/cholec80/phase_annotations/video56-phase.txt,/home/ubuntu/Dropbox/Datasets/cholec80/phase_annotations/video56-tool.txt,/home/ubuntu/Dropbox/Datasets/cholec80/phase_annotations/video56.npy,"[{'start_frame': 0, 'end_frame': 2624, 'phase': 'Preparation', 'action': 0}, {'start_frame': 2625, 'end_frame': 24874, 'phase': 'CalotTriangleDissection', 'action': 1}, {'start_frame': 24875, 'end_frame': 26074, 'phase': 'ClippingCutting', 'action': 2}, {'start_frame': 26075, 'end_frame': 39074, 'phase': 'GallbladderDissection', 'action': 3}, {'start_frame': 39075, 'end_frame': 41974, 'phase': 'GallbladderPackaging', 'action': 6}, {'start_frame': 41975, 'end_frame': 44574, 'phase': 'CleaningCoagulation', 'action': 5}, {'start_frame': 44575, 'end_frame': 45850, 'phase': 'GallbladderRetraction', 'label': 4}]",[0 0 0 ... 4 4 4],[1. 1. 1. ... 2. 2. 2.]
/home/ubuntu/Dropbox/Datasets/cholec80/phase_annotations/video57.mp4,/home/ubuntu/Dropbox/Datasets/cholec80/phase_annotations/video57-phase.txt,/home/ubuntu/Dropbox/Datasets/cholec80/phase_annotations/video57-tool.txt,/home/ubuntu/Dropbox/Datasets/cholec80/phase_annotations/video57.npy,"[{'start_frame': 0, 'end_frame': 3624, 'phase': 'Preparation', 'action': 0}, {'start_frame': 3625, 'end_frame': 28124, 'phase': 'CalotTriangleDissection', 'action': 1}, {'start_frame': 28125, 'end_frame': 33049, 'phase': 'ClippingCutting', 'action': 2}, {'start_frame': 33050, 'end_frame': 56174, 'phase': 'GallbladderDissection', 'action': 3}, {'start_frame': 56175, 'end_frame': 59749, 'phase': 'CleaningCoagulation', 'action': 5}, {'start_frame': 59750, 'end_frame': 61774, 'phase': 'GallbladderPackaging', 'action': 6}, {'start_frame': 61775, 'end_frame': 65800, 'phase': 'GallbladderRetraction', 'label': 4}]",[0 0 0 ... 4 4 4],[1. 1. 1. ... 2. 2. 2.]
/home/ubuntu/Dropbox/Datasets/cholec80/phase_annotations/video58.mp4,/home/ubuntu/Dropbox/Datasets/cholec80/phase_annotations/video58-phase.txt,/home/ubuntu/Dropbox/Datasets/cholec80/phase_annotations/video58-tool.txt,/home/ubuntu/Dropbox/Datasets/cholec80/phase_annotations/video58.npy,"[{'start_frame': 0, 'end_frame': 1999, 'phase': 'Preparation', 'action': 0}, {'start_frame': 2000, 'end_frame': 86674, 'phase': 'CalotTriangleDissection', 'action': 1}, {'start_frame': 86675, 'end_frame': 103524, 'phase': 'ClippingCutting', 'action': 2}, {'start_frame': 103525, 'end_frame': 136674, 'phase': 'GallbladderDissection', 'action': 3}, {'start_frame': 136675, 'end_frame': 138149, 'phase': 'GallbladderPackaging', 'action': 6}, {'start_frame': 138150, 'end_frame': 144924, 'phase': 'CleaningCoagulation', 'action': 5}, {'start_frame': 144925, 'end_frame': 149825, 'phase': 'GallbladderRetraction', 'label': 4}]",[0 0 0 ... 4 4 4],[1. 1. 1. ... 2. 2. 2.]
/home/ubuntu/Dropbox/Datasets/cholec80/phase_annotations/video59.mp4,/home/ubuntu/Dropbox/Datasets/cholec80/phase_annotations/video59-phase.txt,/home/ubuntu/Dropbox/Datasets/cholec80/phase_annotations/video59-tool.txt,/home/ubuntu/Dropbox/Datasets/cholec80/phase_annotations/video59.npy,"[{'start_frame': 0, 'end_frame': 874, 'phase': 'Preparation', 'action': 0}, {'start_frame': 875, 'end_frame': 12224, 'phase': 'CalotTriangleDissection', 'action': 1}, {'start_frame': 12225, 'end_frame': 14224, 'phase': 'ClippingCutting', 'action': 2}, {'start_frame': 14225, 'end_frame': 21524, 'phase': 'GallbladderDissection', 'action': 3}, {'start_frame': 21525, 'end_frame': 23174, 'phase': 'GallbladderPackaging', 'action': 6}, {'start_frame': 23175, 'end_frame': 24574, 'phase': 'CleaningCoagulation', 'action': 5}, {'start_frame': 24575, 'end_frame': 26150, 'phase': 'GallbladderRetraction', 'label': 4}]",[0 0 0 ... 4 4 4],[1. 1. 1. ... 2. 2. 2.]
/home/ubuntu/Dropbox/Datasets/cholec80/phase_annotations/video60.mp4,/home/ubuntu/Dropbox/Datasets/cholec80/phase_annotations/video60-phase.txt,/home/ubuntu/Dropbox/Datasets/cholec80/phase_annotations/video60-tool.txt,/home/ubuntu/Dropbox/Datasets/cholec80/phase_annotations/video60.npy,"[{'start_frame': 0, 'end_frame': 8074, 'phase': 'Preparation', 'action': 0}, {'start_frame': 8075, 'end_frame': 52524, 'phase': 'CalotTriangleDissection', 'action': 1}, {'start_frame': 52525, 'end_frame': 54624, 'phase': 'ClippingCutting', 'action': 2}, {'start_frame': 54625, 'end_frame': 57274, 'phase': 'GallbladderDissection', 'action': 3}, {'start_frame': 57275, 'end_frame': 59624, 'phase': 'CleaningCoagulation', 'action': 5}, {'start_frame': 59625, 'end_frame': 62324, 'phase': 'GallbladderPackaging', 'action': 6}, {'start_frame': 62325, 'end_frame': 63300, 'phase': 'GallbladderRetraction', 'label': 4}]",[0 0 0 ... 4 4 4],[1. 1. 1. ... 2. 2. 2.]
/home/ubuntu/Dropbox/Datasets/cholec80/phase_annotations/video61.mp4,/home/ubuntu/Dropbox/Datasets/cholec80/phase_annotations/video61-phase.txt,/home/ubuntu/Dropbox/Datasets/cholec80/phase_annotations/video61-tool.txt,/home/ubuntu/Dropbox/Datasets/cholec80/phase_annotations/video61.npy,"[{'start_frame': 0, 'end_frame': 11198, 'phase': 'Preparation', 'action': 0}, {'start_frame': 11199, 'end_frame': 35324, 'phase': 'CalotTriangleDissection', 'action': 1}, {'start_frame': 35325, 'end_frame': 40099, 'phase': 'ClippingCutting', 'action': 2}, {'start_frame': 40100, 'end_frame': 104049, 'phase': 'GallbladderDissection', 'action': 3}, {'start_frame': 104050, 'end_frame': 106074, 'phase': 'GallbladderPackaging', 'action': 6}, {'start_frame': 106075, 'end_frame': 107824, 'phase': 'CleaningCoagulation', 'action': 5}, {'start_frame': 107825, 'end_frame': 110225, 'phase': 'GallbladderRetraction', 'label': 4}]",[0 0 0 ... 4 4 4],[1. 1. 1. ... 2. 2. 2.]
/home/ubuntu/Dropbox/Datasets/cholec80/phase_annotations/video62.mp4,/home/ubuntu/Dropbox/Datasets/cholec80/phase_annotations/video62-phase.txt,/home/ubuntu/Dropbox/Datasets/cholec80/phase_annotations/video62-tool.txt,/home/ubuntu/Dropbox/Datasets/cholec80/phase_annotations/video62.npy,"[{'start_frame': 0, 'end_frame': 499, 'phase': 'Preparation', 'action': 0}, {'start_frame': 500, 'end_frame': 27249, 'phase': 'CalotTriangleDissection', 'action': 1}, {'start_frame': 27250, 'end_frame': 28999, 'phase': 'ClippingCutting', 'action': 2}, {'start_frame': 29000, 'end_frame': 46499, 'phase': 'GallbladderDissection', 'action': 3}, {'start_frame': 46500, 'end_frame': 47849, 'phase': 'GallbladderPackaging', 'action': 6}, {'start_frame': 47850, 'end_frame': 50274, 'phase': 'CleaningCoagulation', 'action': 5}, {'start_frame': 50275, 'end_frame': 50800, 'phase': 'GallbladderRetraction', 'label': 4}]",[0 0 0 ... 4 4 4],[1. 1. 1. ... 2. 2. 2.]
/home/ubuntu/Dropbox/Datasets/cholec80/phase_annotations/video63.mp4,/home/ubuntu/Dropbox/Datasets/cholec80/phase_annotations/video63-phase.txt,/home/ubuntu/Dropbox/Datasets/cholec80/phase_annotations/video63-tool.txt,/home/ubuntu/Dropbox/Datasets/cholec80/phase_annotations/video63.npy,"[{'start_frame': 0, 'end_frame': 2999, 'phase': 'Preparation', 'action': 0}, {'start_frame': 3000, 'end_frame': 17724, 'phase': 'CalotTriangleDissection', 'action': 1}, {'start_frame': 17725, 'end_frame': 18849, 'phase': 'ClippingCutting', 'action': 2}, {'start_frame': 18850, 'end_frame': 75974, 'phase': 'GallbladderDissection', 'action': 3}, {'start_frame': 75975, 'end_frame': 82174, 'phase': 'GallbladderPackaging', 'action': 6}, {'start_frame': 82175, 'end_frame': 84824, 'phase': 'CleaningCoagulation', 'action': 5}, {'start_frame': 84825, 'end_frame': 85825, 'phase': 'GallbladderRetraction', 'label': 4}]",[0 0 0 ... 4 4 4],[1. 1. 1. ... 2. 2. 2.]
/home/ubuntu/Dropbox/Datasets/cholec80/phase_annotations/video64.mp4,/home/ubuntu/Dropbox/Datasets/cholec80/phase_annotations/video64-phase.txt,/home/ubuntu/Dropbox/Datasets/cholec80/phase_annotations/video64-tool.txt,/home/ubuntu/Dropbox/Datasets/cholec80/phase_annotations/video64.npy,"[{'start_frame': 0, 'end_frame': 1524, 'phase': 'Preparation', 'action': 0}, {'start_frame': 1525, 'end_frame': 27924, 'phase': 'CalotTriangleDissection', 'action': 1}, {'start_frame': 27925, 'end_frame': 30499, 'phase': 'ClippingCutting', 'action': 2}, {'start_frame': 30500, 'end_frame': 49599, 'phase': 'GallbladderDissection', 'action': 3}, {'start_frame': 49600, 'end_frame': 54074, 'phase': 'CleaningCoagulation', 'action': 5}, {'start_frame': 54075, 'end_frame': 56624, 'phase': 'GallbladderPackaging', 'action': 6}, {'start_frame': 56625, 'end_frame': 59950, 'phase': 'GallbladderRetraction', 'label': 4}]",[0 0 0 ... 4 4 4],[1. 1. 1. ... 2. 2. 2.]
/home/ubuntu/Dropbox/Datasets/cholec80/phase_annotations/video65.mp4,/home/ubuntu/Dropbox/Datasets/cholec80/phase_annotations/video65-phase.txt,/home/ubuntu/Dropbox/Datasets/cholec80/phase_annotations/video65-tool.txt,/home/ubuntu/Dropbox/Datasets/cholec80/phase_annotations/video65.npy,"[{'start_frame': 0, 'end_frame': 6224, 'phase': 'Preparation', 'action': 0}, {'start_frame': 6225, 'end_frame': 28599, 'phase': 'CalotTriangleDissection', 'action': 1}, {'start_frame': 28600, 'end_frame': 31299, 'phase': 'ClippingCutting', 'action': 2}, {'start_frame': 31300, 'end_frame': 43949, 'phase': 'GallbladderDissection', 'action': 3}, {'start_frame': 43950, 'end_frame': 45899, 'phase': 'GallbladderPackaging', 'action': 6}, {'start_frame': 45900, 'end_frame': 46825, 'phase': 'GallbladderRetraction', 'label': 4}]",[0 0 0 ... 4 4 4],[1. 1. 1. ... 2. 2. 2.]
/home/ubuntu/Dropbox/Datasets/cholec80/phase_annotations/video66.mp4,/home/ubuntu/Dropbox/Datasets/cholec80/phase_annotations/video66-phase.txt,/home/ubuntu/Dropbox/Datasets/cholec80/phase_annotations/video66-tool.txt,/home/ubuntu/Dropbox/Datasets/cholec80/phase_annotations/video66.npy,"[{'start_frame': 0, 'end_frame': 624, 'phase': 'Preparation', 'action': 0}, {'start_frame': 625, 'end_frame': 16899, 'phase': 'CalotTriangleDissection', 'action': 1}, {'start_frame': 16900, 'end_frame': 20899, 'phase': 'ClippingCutting', 'action': 2}, {'start_frame': 20900, 'end_frame': 39074, 'phase': 'GallbladderDissection', 'action': 3}, {'start_frame': 39075, 'end_frame': 41224, 'phase': 'CleaningCoagulation', 'action': 5}, {'start_frame': 41225, 'end_frame': 43299, 'phase': 'GallbladderPackaging', 'action': 6}, {'start_frame': 43300, 'end_frame': 45600, 'phase': 'GallbladderRetraction', 'label': 4}]",[0 0 0 ... 4 4 4],[1. 1. 1. ... 2. 2. 2.]
/home/ubuntu/Dropbox/Datasets/cholec80/phase_annotations/video67.mp4,/home/ubuntu/Dropbox/Datasets/cholec80/phase_annotations/video67-phase.txt,/home/ubuntu/Dropbox/Datasets/cholec80/phase_annotations/video67-tool.txt,/home/ubuntu/Dropbox/Datasets/cholec80/phase_annotations/video67.npy,"[{'start_frame': 0, 'end_frame': 4824, 'phase': 'Preparation', 'action': 0}, {'start_frame': 4825, 'end_frame': 26099, 'phase': 'CalotTriangleDissection', 'action': 1}, {'start_frame': 26100, 'end_frame': 28824, 'phase': 'ClippingCutting', 'action': 2}, {'start_frame': 28825, 'end_frame': 53574, 'phase': 'GallbladderDissection', 'action': 3}, {'start_frame': 53575, 'end_frame': 55549, 'phase': 'GallbladderPackaging', 'action': 6}, {'start_frame': 55550, 'end_frame': 56624, 'phase': 'CleaningCoagulation', 'action': 5}, {'start_frame': 56625, 'end_frame': 58825, 'phase': 'GallbladderRetraction', 'label': 4}]",[0 0 0 ... 4 4 4],[1. 1. 1. ... 2. 2. 2.]
/home/ubuntu/Dropbox/Datasets/cholec80/phase_annotations/video68.mp4,/home/ubuntu/Dropbox/Datasets/cholec80/phase_annotations/video68-phase.txt,/home/ubuntu/Dropbox/Datasets/cholec80/phase_annotations/video68-tool.txt,/home/ubuntu/Dropbox/Datasets/cholec80/phase_annotations/video68.npy,"[{'start_frame': 0, 'end_frame': 2549, 'phase': 'Preparation', 'action': 0}, {'start_frame': 2550, 'end_frame': 23224, 'phase': 'CalotTriangleDissection', 'action': 1}, {'start_frame': 23225, 'end_frame': 27274, 'phase': 'ClippingCutting', 'action': 2}, {'start_frame': 27275, 'end_frame': 40599, 'phase': 'GallbladderDissection', 'action': 3}, {'start_frame': 40600, 'end_frame': 42324, 'phase': 'GallbladderPackaging', 'action': 6}, {'start_frame': 42325, 'end_frame': 47199, 'phase': 'CleaningCoagulation', 'action': 5}, {'start_frame': 47200, 'end_frame': 49300, 'phase': 'GallbladderRetraction', 'label': 4}]",[0 0 0 ... 4 4 4],[1. 1. 1. ... 2. 2. 2.]
/home/ubuntu/Dropbox/Datasets/cholec80/phase_annotations/video69.mp4,/home/ubuntu/Dropbox/Datasets/cholec80/phase_annotations/video69-phase.txt,/home/ubuntu/Dropbox/Datasets/cholec80/phase_annotations/video69-tool.txt,/home/ubuntu/Dropbox/Datasets/cholec80/phase_annotations/video69.npy,"[{'start_frame': 0, 'end_frame': 1724, 'phase': 'Preparation', 'action': 0}, {'start_frame': 1725, 'end_frame': 43999, 'phase': 'CalotTriangleDissection', 'action': 1}, {'start_frame': 44000, 'end_frame': 56799, 'phase': 'ClippingCutting', 'action': 2}, {'start_frame': 56800, 'end_frame': 106424, 'phase': 'GallbladderDissection', 'action': 3}, {'start_frame': 106425, 'end_frame': 111499, 'phase': 'GallbladderPackaging', 'action': 6}, {'start_frame': 111500, 'end_frame': 114375, 'phase': 'GallbladderRetraction', 'label': 4}]",[0 0 0 ... 4 4 4],[1. 1. 1. ... 2. 2. 2.]
/home/ubuntu/Dropbox/Datasets/cholec80/phase_annotations/video70.mp4,/home/ubuntu/Dropbox/Datasets/cholec80/phase_annotations/video70-phase.txt,/home/ubuntu/Dropbox/Datasets/cholec80/phase_annotations/video70-tool.txt,/home/ubuntu/Dropbox/Datasets/cholec80/phase_annotations/video70.npy,"[{'start_frame': 0, 'end_frame': 874, 'phase': 'Preparation', 'action': 0}, {'start_frame': 875, 'end_frame': 13399, 'phase': 'CalotTriangleDissection', 'action': 1}, {'start_frame': 13400, 'end_frame': 15899, 'phase': 'ClippingCutting', 'action': 2}, {'start_frame': 15900, 'end_frame': 25024, 'phase': 'GallbladderDissection', 'action': 3}, {'start_frame': 25025, 'end_frame': 27024, 'phase': 'CleaningCoagulation', 'action': 5}, {'start_frame': 27025, 'end_frame': 29299, 'phase': 'GallbladderPackaging', 'action': 6}, {'start_frame': 29300, 'end_frame': 29850, 'phase': 'GallbladderRetraction', 'label': 4}]",[0 0 0 ... 4 4 4],[1. 1. 1. ... 2. 2. 2.]
/home/ubuntu/Dropbox/Datasets/cholec80/phase_annotations/video71.mp4,/home/ubuntu/Dropbox/Datasets/cholec80/phase_annotations/video71-phase.txt,/home/ubuntu/Dropbox/Datasets/cholec80/phase_annotations/video71-tool.txt,/home/ubuntu/Dropbox/Datasets/cholec80/phase_annotations/video71.npy,"[{'start_frame': 0, 'end_frame': 899, 'phase': 'Preparation', 'action': 0}, {'start_frame': 900, 'end_frame': 31024, 'phase': 'CalotTriangleDissection', 'action': 1}, {'start_frame': 31025, 'end_frame': 32549, 'phase': 'ClippingCutting', 'action': 2}, {'start_frame': 32550, 'end_frame': 55224, 'phase': 'GallbladderDissection', 'action': 3}, {'start_frame': 55225, 'end_frame': 62299, 'phase': 'GallbladderPackaging', 'action': 6}, {'start_frame': 62300, 'end_frame': 62875, 'phase': 'GallbladderRetraction', 'label': 4}]",[0 0 0 ... 4 4 4],[1. 1. 1. ... 2. 2. 2.]
/home/ubuntu/Dropbox/Datasets/cholec80/phase_annotations/video72.mp4,/home/ubuntu/Dropbox/Datasets/cholec80/phase_annotations/video72-phase.txt,/home/ubuntu/Dropbox/Datasets/cholec80/phase_annotations/video72-tool.txt,/home/ubuntu/Dropbox/Datasets/cholec80/phase_annotations/video72.npy,"[{'start_frame': 0, 'end_frame': 3424, 'phase': 'Preparation', 'action': 0}, {'start_frame': 3425, 'end_frame': 32949, 'phase': 'CalotTriangleDissection', 'action': 1}, {'start_frame': 32950, 'end_frame': 35774, 'phase': 'ClippingCutting', 'action': 2}, {'start_frame': 35775, 'end_frame': 65724, 'phase': 'GallbladderDissection', 'action': 3}, {'start_frame': 65725, 'end_frame': 67674, 'phase': 'GallbladderPackaging', 'action': 6}, {'start_frame': 67675, 'end_frame': 74949, 'phase': 'CleaningCoagulation', 'action': 5}, {'start_frame': 74950, 'end_frame': 77650, 'phase': 'GallbladderRetraction', 'label': 4}]",[0 0 0 ... 4 4 4],[1. 1. 1. ... 2. 2. 2.]
/home/ubuntu/Dropbox/Datasets/cholec80/phase_annotations/video73.mp4,/home/ubuntu/Dropbox/Datasets/cholec80/phase_annotations/video73-phase.txt,/home/ubuntu/Dropbox/Datasets/cholec80/phase_annotations/video73-tool.txt,/home/ubuntu/Dropbox/Datasets/cholec80/phase_annotations/video73.npy,"[{'start_frame': 0, 'end_frame': 2424, 'phase': 'Preparation', 'action': 0}, {'start_frame': 2425, 'end_frame': 18174, 'phase': 'CalotTriangleDissection', 'action': 1}, {'start_frame': 18175, 'end_frame': 20774, 'phase': 'ClippingCutting', 'action': 2}, {'start_frame': 20775, 'end_frame': 27949, 'phase': 'GallbladderDissection', 'action': 3}, {'start_frame': 27950, 'end_frame': 29124, 'phase': 'GallbladderPackaging', 'action': 6}, {'start_frame': 29125, 'end_frame': 32099, 'phase': 'CleaningCoagulation', 'action': 5}, {'start_frame': 32100, 'end_frame': 33900, 'phase': 'GallbladderRetraction', 'label': 4}]",[0 0 0 ... 4 4 4],[1. 1. 1. ... 2. 2. 2.]
/home/ubuntu/Dropbox/Datasets/cholec80/phase_annotations/video74.mp4,/home/ubuntu/Dropbox/Datasets/cholec80/phase_annotations/video74-phase.txt,/home/ubuntu/Dropbox/Datasets/cholec80/phase_annotations/video74-tool.txt,/home/ubuntu/Dropbox/Datasets/cholec80/phase_annotations/video74.npy,"[{'start_frame': 0, 'end_frame': 2174, 'phase': 'Preparation', 'action': 0}, {'start_frame': 2175, 'end_frame': 12524, 'phase': 'CalotTriangleDissection', 'action': 1}, {'start_frame': 12525, 'end_frame': 15749, 'phase': 'ClippingCutting', 'action': 2}, {'start_frame': 15750, 'end_frame': 33424, 'phase': 'GallbladderDissection', 'action': 3}, {'start_frame': 33425, 'end_frame': 35674, 'phase': 'CleaningCoagulation', 'action': 5}, {'start_frame': 35675, 'end_frame': 38224, 'phase': 'GallbladderPackaging', 'action': 6}, {'start_frame': 38225, 'end_frame': 40850, 'phase': 'GallbladderRetraction', 'label': 4}]",[0 0 0 ... 4 4 4],[1. 1. 1. ... 2. 2. 2.]
/home/ubuntu/Dropbox/Datasets/cholec80/phase_annotations/video75.mp4,/home/ubuntu/Dropbox/Datasets/cholec80/phase_annotations/video75-phase.txt,/home/ubuntu/Dropbox/Datasets/cholec80/phase_annotations/video75-tool.txt,/home/ubuntu/Dropbox/Datasets/cholec80/phase_annotations/video75.npy,"[{'start_frame': 0, 'end_frame': 3049, 'phase': 'Preparation', 'action': 0}, {'start_frame': 3050, 'end_frame': 12599, 'phase': 'CalotTriangleDissection', 'action': 1}, {'start_frame': 12600, 'end_frame': 13999, 'phase': 'ClippingCutting', 'action': 2}, {'start_frame': 14000, 'end_frame': 43799, 'phase': 'GallbladderDissection', 'action': 3}, {'start_frame': 43800, 'end_frame': 47249, 'phase': 'GallbladderPackaging', 'action': 6}, {'start_frame': 47250, 'end_frame': 48075, 'phase': 'GallbladderRetraction', 'label': 4}]",[0 0 0 ... 4 4 4],[1. 1. 1. ... 2. 2. 2.]
/home/ubuntu/Dropbox/Datasets/cholec80/phase_annotations/video76.mp4,/home/ubuntu/Dropbox/Datasets/cholec80/phase_annotations/video76-phase.txt,/home/ubuntu/Dropbox/Datasets/cholec80/phase_annotations/video76-tool.txt,/home/ubuntu/Dropbox/Datasets/cholec80/phase_annotations/video76.npy,"[{'start_frame': 0, 'end_frame': 749, 'phase': 'Preparation', 'action': 0}, {'start_frame': 750, 'end_frame': 23849, 'phase': 'CalotTriangleDissection', 'action': 1}, {'start_frame': 23850, 'end_frame': 35324, 'phase': 'ClippingCutting', 'action': 2}, {'start_frame': 35325, 'end_frame': 60599, 'phase': 'GallbladderDissection', 'action': 3}, {'start_frame': 60600, 'end_frame': 62324, 'phase': 'GallbladderPackaging', 'action': 6}, {'start_frame': 62325, 'end_frame': 64724, 'phase': 'CleaningCoagulation', 'action': 5}, {'start_frame': 64725, 'end_frame': 66225, 'phase': 'GallbladderRetraction', 'label': 4}]",[0 0 0 ... 4 4 4],[1. 1. 1. ... 2. 2. 2.]
/home/ubuntu/Dropbox/Datasets/cholec80/phase_annotations/video77.mp4,/home/ubuntu/Dropbox/Datasets/cholec80/phase_annotations/video77-phase.txt,/home/ubuntu/Dropbox/Datasets/cholec80/phase_annotations/video77-tool.txt,/home/ubuntu/Dropbox/Datasets/cholec80/phase_annotations/video77.npy,"[{'start_frame': 0, 'end_frame': 4399, 'phase': 'Preparation', 'action': 0}, {'start_frame': 4400, 'end_frame': 21724, 'phase': 'CalotTriangleDissection', 'action': 1}, {'start_frame': 21725, 'end_frame': 25199, 'phase': 'ClippingCutting', 'action': 2}, {'start_frame': 25200, 'end_frame': 48174, 'phase': 'GallbladderDissection', 'action': 3}, {'start_frame': 48175, 'end_frame': 49999, 'phase': 'GallbladderPackaging', 'action': 6}, {'start_frame': 50000, 'end_frame': 60974, 'phase': 'CleaningCoagulation', 'action': 5}, {'start_frame': 60975, 'end_frame': 62550, 'phase': 'GallbladderRetraction', 'label': 4}]",[0 0 0 ... 4 4 4],[1. 1. 1. ... 2. 2. 2.]
/home/ubuntu/Dropbox/Datasets/cholec80/phase_annotations/video78.mp4,/home/ubuntu/Dropbox/Datasets/cholec80/phase_annotations/video78-phase.txt,/home/ubuntu/Dropbox/Datasets/cholec80/phase_annotations/video78-tool.txt,/home/ubuntu/Dropbox/Datasets/cholec80/phase_annotations/video78.npy,"[{'start_frame': 0, 'end_frame': 1099, 'phase': 'Preparation', 'action': 0}, {'start_frame': 1100, 'end_frame': 8299, 'phase': 'CalotTriangleDissection', 'action': 1}, {'start_frame': 8300, 'end_frame': 9899, 'phase': 'ClippingCutting', 'action': 2}, {'start_frame': 9900, 'end_frame': 13949, 'phase': 'GallbladderDissection', 'action': 3}, {'start_frame': 13950, 'end_frame': 15774, 'phase': 'CleaningCoagulation', 'action': 5}, {'start_frame': 15775, 'end_frame': 17349, 'phase': 'GallbladderPackaging', 'action': 6}, {'start_frame': 17350, 'end_frame': 18475, 'phase': 'GallbladderRetraction', 'label': 4}]",[0 0 0 ... 4 4 4],[1. 1. 1. ... 2. 2. 2.]
/home/ubuntu/Dropbox/Datasets/cholec80/phase_annotations/video79.mp4,/home/ubuntu/Dropbox/Datasets/cholec80/phase_annotations/video79-phase.txt,/home/ubuntu/Dropbox/Datasets/cholec80/phase_annotations/video79-tool.txt,/home/ubuntu/Dropbox/Datasets/cholec80/phase_annotations/video79.npy,"[{'start_frame': 0, 'end_frame': 1349, 'phase': 'Preparation', 'action': 0}, {'start_frame': 1350, 'end_frame': 40449, 'phase': 'CalotTriangleDissection', 'action': 1}, {'start_frame': 40450, 'end_frame': 43799, 'phase': 'ClippingCutting', 'action': 2}, {'start_frame': 43800, 'end_frame': 70924, 'phase': 'GallbladderDissection', 'action': 3}, {'start_frame': 70925, 'end_frame': 78599, 'phase': 'CleaningCoagulation', 'action': 5}, {'start_frame': 78600, 'end_frame': 81149, 'phase': 'GallbladderPackaging', 'action': 6}, {'start_frame': 81150, 'end_frame': 85350, 'phase': 'GallbladderRetraction', 'label': 4}]",[0 0 0 ... 4 4 4],[1. 1. 1. ... 2. 2. 2.]
/home/ubuntu/Dropbox/Datasets/cholec80/phase_annotations/video80.mp4,/home/ubuntu/Dropbox/Datasets/cholec80/phase_annotations/video80-phase.txt,/home/ubuntu/Dropbox/Datasets/cholec80/phase_annotations/video80-tool.txt,/home/ubuntu/Dropbox/Datasets/cholec80/phase_annotations/video80.npy,"[{'start_frame': 0, 'end_frame': 1424, 'phase': 'Preparation', 'action': 0}, {'start_frame': 1425, 'end_frame': 28399, 'phase': 'CalotTriangleDissection', 'action': 1}, {'start_frame': 28400, 'end_frame': 31699, 'phase': 'ClippingCutting', 'action': 2}, {'start_frame': 31700, 'end_frame': 38274, 'phase': 'GallbladderDissection', 'action': 3}, {'start_frame': 38275, 'end_frame': 39424, 'phase': 'GallbladderPackaging', 'action': 6}, {'start_frame': 39425, 'end_frame': 39974, 'phase': 'CleaningCoagulation', 'action': 5}, {'start_frame': 39975, 'end_frame': 43100, 'phase': 'GallbladderRetraction', 'label': 4}]",[0 0 0 ... 4 4 4],[1. 1. 1. ... 2. 2. 2.]
